adrs,codes
2106 NORTHWEST 4TH PLACE,120010010004035
1522 NORTHWEST 4TH STREET,120010003012004
4010 NORTHWEST 8TH AVENUE,120010017021033
SW 62ND BLVD,NA
2115 NW 3RD PL,120010010004044
2003 NORTHWEST 32 PLACE,120010012031049
600-612 SOUTHEAST 8TH STREET,120010007001032
1900 NW 22 STREET,120010011003015
752 NW 22ND ST,120010010004009
658-668 NORTHWEST 22ND STREET,120010010004032
N MAIN ST & 1ST AV,NA
2930 SW 23RD TERRACE,120010010002033
516 SW 40 TERRACE,120010016041000
914 NE BLVD,NA
3312 SOUTHWEST 35TH BOULEVARD,120010015151011
5100 NW 80TH RD,120010018131012
2928 NW 49TH PL,NA
1700 NW 7TH AVE,120010010004010
1607 NW 45TH AVE,120010012031011
3830 NW 10TH PL,120010017021027
1206 W UNIVERSITY AVE,120010002004007
SW 16TH AVE,NA
317 NW 2ND ST,120010005001013
GAINESVILLE,NA
220 S MAIN ST,120010005001092
30 E UNIVERSITY AVE,120010005001049
3806 SW 4TH PL,120010016042019
2513 NW 31ST AVE,120010011004000
611 NW 10TH AVE,120010003012057
411 NW 21ST ST,120010010004036
3002 NW 31ST TER,120010011004004
223 NW 48TH BLVD,120010016041015
405 NW 7TH AVE,120010002001006
710 NW 3RD STREET,120010002001001
NORTHWEST 10TH AVENUE,NA
NW 4TH AVE & NW 8TH ST,NA
2044-2098 SOUTH MAIN STREET,120010008082008
418 NW 27TH TER,120010010002001
SW 42ND ST,NA
710 NW 54TH TERRACE,120010016041025
2114 NW 55TH BLVD,120010012023001
900 NE 7TH STREET,120010005003029
200 EAST UNIVERSITY AVENUE,120010005001023
222 NE 1ST ST,120010005001018
3930 NW 33RD PL,120010011001012
408 SOUTHEAST 6TH TERRACE,120010005001077
1600-1860 NW 23RD BLVD,120010011004026
2002 NW 6TH ST,120010003011015
725 N MAIN ST,120010005001001
4000 N MAIN ST,120010019021018
515 NORTHEAST WALDO ROAD,120010006002006
1726 NW 9TH ST,120010003011034
804 NW 11TH AVE,120010003012039
1900 NW 22ND STREET,120010011003015
1292 NORTHWEST 11TH AVENUE,120010003012035
3901-4299 NW 16TH ST,120010012031012
2335-2365 W UNIVERSITY AVE,120010010002031
1815 NW 42ND AVE,120010012031013
2270 NW 21 AVE,120010011003013
WALDO ROAD GREENWAY-DEPOT AVENUE RAIL-TRAIL,NA
325 NE 9TH STREET,120010005004020
1921-1927 NW 22ND ST,120010011003018
4341 NW 28TH TERRACE,120010012021000
701 SW 23 PL,120010008083004
915 NE 8TH AVE,120010005004004
1–99 SE 2ND AVE,NA
320  NW  24  TH ST,120010010002001
NW 10TH ST & NW 8TH AVE,NA
732 NW 4TH STREET,120010002001002
2615 NW 20TH ST,120010011003008
1520 NORTHWEST 34TH STREET,120010017021007
SW 13TH ST,NA
1000-1022 NORTHWEST 16TH AVENUE,120010003011033
2140 NW 11TH AVENUE,120010010001005
4126 NW 34TH DRIVE,120010012011023
851-877 NW 10TH ST,120010003012048
1314 NE 8TH ST,120010005003002
1311 SW 13TH ST,120010008061010
7022,NA
428 NW 2ND AVENUE,120010002001023
1306 NW 7TH RD,120010010004001
1827 SW 49 PL,120011108001017
407 NORTHWEST 15TH STREET,120010010003001
VARIOUS,NA
3545 SW 47 AVENUE,NA
MEDIAN  BETW SE2ND AV & SE 3RDST,NA
900-998 8TH ST,120010005003031
307 SW 16TH AVE,120010008082000
585 NW 15TH AVE,120010003012017
27-99 SW 2ND ST,120010005001061
1339 NW 25TH TERRACE,120010010005002
PRESIDENT'S HOUSE,NA
SOUTHWEST 10TH STREET,NA
WALDO RD GREENWAY-DEPOT AVENUE RAIL-TRAIL,NA
207 NW 35TH TERRACE,120010016031026
436 SE 15TH ST,120010007001027
2700 - 2748 NE 39 AVE,120010019022042
46 SW 25TH ST,120010010002021
2954 SW 35TH PL,120010015153000
62ND BLVD,NA
425 FLORIDA 24,120010002006003
"3718 SW 24TH AVE
GAINESVILLE FL 32607
UNITED STATES",120010015212005
2 E UNIVERSITY AVE,120010005001049
503 NW 3RD AVE,120010002001023
414 NORTHWEST 5TH AVENUE,120010002001006
SW WILLISTON RD & FL-121 & I-75,NA
1015 NORTHWEST 34TH TERRACE,120010017021010
1666 NW 19TH CIR,120010011003027
1126 NW 8TH ST,120010003012039
1401-1499 NORTHWEST 22ND STREET,120010010001010
507 NW 34TH TERR GAINESVILLE FLORIDA,120010016031002
2303 SW 39TH WAY,120010015211000
2640-2672 NORTHWEST 13TH STREET,120010012032004
11807 FLORIDA 121,120010019082015
2-98 SW 1 ST,120010005001061
1-65 SE DEPOT AVE,120010005001111
8620 NW 13TH ST LOT 369,120010018032002
300-312 NORTHEAST STATE ROAD 24,120010005005030
3242 NW 12TH TERRACE,120010003023013
3055 NE 28TH DR,NA
820 NW 30TH AVE GAINESVILLE,120010003023041
1208 SW 1 AVE,120010002005000
726 NW 31ST PL,120010003023021
1410 NW 7TH ROAD,120010010004001
"1–99 NW 1ST AVE
GAINESVILLE FL 32601
UNITED STATES",NA
1176 NORTHWEST 18 AVENUE,120010003011025
301 NW 10TH AVE,120010003012051
827 NW 3RD AVE,120010002004002
1324 NW 11TH RD,120010010001024
1008 NORTHEAST 7TH PLACE,120010005004003
1101-1111 NORTHWEST 22ND STREET,120010010001005
1200 NW 2ND STREET,120010003012026
2844 NW 32ND ST,120010011004004
829 NE 22ND TER,120010006001016
SW 20TH AVE & SW 38TH TERRACE,NA
1325 W UNIVERSITY AVE,120010009022000
2913 NW 45TH AVE,120010012021001
5200 NE STATE RD 24,NA
4958 NW 81ST AVE,120010018131007
2053 NW 34TH AVE GAINESVILLE 32605 UNITED STATES,120010012031045
1205 NE 6 TER,120010005003009
218 NW 35TH TERRACE,120010016031027
205 NW 14TH AVE,120010003012020
2124-2132 NORTHWEST 4TH PLACE,120010010004035
2811 SW ARCHER RD,120010015142000
4708 NORTHWEST 37TH WAY,120010012011000
708 NW 6TH AVE,120010002001004
1126 NW 16TH AVE,120010003011025
NW 22ND ST & NW 8TH AVE,NA
3424 NW 3 ST,120010003021007
4029 NW 9TH CT,120010017021033
3782 SOUTH MAIN STREET,120010008083001
826 NW 32ND PL,120010003023019
NE 8TH AVE AND NE 7TH ST,NA
934-1000 NE 16TH AVE,120010004003009
111 NW 6TH ST,120010005001055
200-218 SW 38TH ST,120010016042012
7012 NW 52ND TERRACE,120010018131020
5212 NW 8TH AVE,120010016031019
1228 SW 104 ST,120010022082003
4138 NW 47TH PL,120010012011012
3703 NW 49TH LN,120010012011004
1-39 SE 3RD ST,120010005001030
4619 NORTHWEST 20 DRIVE,120010012025000
1407 NW 21ST AVE,120010011003029
3706 NW 24TH PL,120010011002004
716 NE 1ST ST,120010005001001
2913 NE 14TH DR GAINESVILLE FL,120010004004022
1600 NE 12TH AVE,120010005002000
501-515 NE BLVD,120010005005016
2012 NW 4TH ST,120010003011016
6326 NORTHWEST 39TH TERRACE,120010018113004
5526 NW 30TH TERRACE,120010018031006
527 NE 12TH ST,120010005004002
1101 NW 39TH AVE,120010003023000
4560 CLEAR LAKE DRIVE,120010016041015
306 NE 6TH AVE,120010005005008
1237 SW 2ND AVE,120010002005002
2701 NE 19TH DR,120010004001009
2810 NORTHWEST 38TH DRIVE,120010011002005
1901-1983 NORTHWEST 9TH STREET,120010003011025
112 SW 1ST AVE,120010005001061
114 NE 7TH AVE,120010005001000
201 SOUTHWEST 3RD STREET,120010002002001
NORTHEAST 12TH AVENUE,NA
3911 NW 23RD TERRACE,120010012025011
1601-1637 NW 2ND AVE,120010010003027
500 NW 2ND AVENUE,120010002001023
3405 NW 54TH PL,120010018034000
5200 W NEWBERRY RD,120010016031020
113 NW 3RD AVE,120010005001020
CORNER OF NW 34 STREET AND 31 AVENUE,NA
3908 SW 1ST AVENUE,120010016042002
500-604 SOUTHWEST 43RD TERRACE,120010016041000
815 NW 12TH AVE,120010003012039
1841 NW 23RD TER,120010011004025
6500 40TH TERRACE,120010022201019
114 SW 24TH ST,120010010002022
4926 NW 13TH AVE,120010017022016
5716 NW 34TH STREET,120010018034000
3841 SW 28TH,120010015171000
1245SW 11TH AVE,120010008061010
824 NORTHEAST 3RD AVENUE,120010005004024
702 NORTHWEST 31ST AVENUE,120010003023034
101 NE 16TH AVE,120010003012000
PLAZA BLVD,NA
3525 NORTHWEST 31ST STREET,120010012022011
SW 16TH AVENUE AND SW 16TH STREET,120010008091012
6419 W NEWBERRY RD,120010022023021
1209 SW 25TH PL,120010008083001
N MAIN ST AT NE 8TH AVE,120010003012061
525 SE 4TH AVE,120010005001078
2038 NW 3RD AVE,120010010004036
2206 NORTHWEST 5TH PLACE,120010010004032
4305-4317 SOUTHWEST 7TH AVENUE,120010016041000
1512 NW 6TH AVENUE,120010010004012
4619 NW 40TH ST,120010012011012
2-898 NORTHEAST 28 AVENUE,120010004004009
1405 NE 2ND ST,120010005003005
8620 NW 13TH ST LOT 328,120010018032002
2105 NW 3RD PLACE,120010010004044
1432-1466 NE 15TH ST,120010005002002
4010 NW 21ST ST,120010012025018
NW 52ND TER,NA
NE PARK,NA
6125 NW 18TH DRIVE,120010019082015
301 NW 8TH ST,120010002001025
928 SW 1 AVE,120010002004012
401 SE 6TH TERRACE GAINESVILLE,120010005001076
2701-2799 SW 23RD TERRACE,120010015142001
MILLRUN 21ST LANE AND BACK LEFT,NA
1418 NW 3RD AVE,120010010003015
CORNER OF 42ND PLACE AND 34TH STREET,NA
1700 WEST UNIVERSITY AVENUE,120010010003031
3220 FL-26,120010010002001
300-398 SE 4TH ST,120010005001067
15 SW 40TH TERRACE,120010016042010
NE 10TH AVE AND NE 7TH ST,NA
1028 NORTHEAST 14TH STREET,120010005002011
1480 NW 6TH STREET,120010003012016
3204 NW 13TH TERR,120010012031035
SW 39TH WAY,NA
540 NE 2ND AVE,120010005005037
3509 NW 18TH TERRACE,120010012031023
2033 NORTHEAST 17TH TERRACE,120010004002011
925 SE 19TH TERRACE,120010007003015
111 NW 28TH TERRACE,120010010002002
SE 10TH ST & SE 1ST AVE,NA
309 SW 16TH AVE,120010008082001
WORD OF LIFE CHURCH,NA
359 BLEDSOE DRIVE,120010009011022
213 WEST UNIVERSITY AVENUE,120010005001062
608 NE 5TH AVE,120010005005015
1029 NW 50 TERRACE,120010017022018
7731 NW 21ST DR,120010019082024
1300 NORTHWEST 15 AVENUE,120010010001020
601-673 NE 2ND ST,120010005005008
501 NW 29 ABE,120010003021020
4418 NW 27TH TER,120010012021000
2238 NW 21 AVE,120010011003013
3490 NW 37TH ST,120010011001004
1058-1198 NORTHWEST 5TH AVENUE,120010002003018
101 NW 7 TERRACE,120010002004001
7011 W NEWBERRY RD,120010016044001
4399 SW 20TH LN,120010015211009
4311 NORTHWEST 19TH AVENUE,120010017022009
8620 NW 13TH ST #55,NA
727 SW 2ND TERRENCE,120010002002005
1526 NW 7TH AVE,120010010004011
4560 CLEAR LAKE DR,120010016041015
511 NW 15TH ST,120010010004031
600-604 SW 4TH AVE,120010002002007
4033 NW 30TH TERR,120010011002006
3525 SOUTHWEST ARCHER ROAD,120010022201001
4343 SW 21ST LN,120010015211010
2259 NORTHWEST 2ND AVENUE,120010010004034
1435 NE 4TH AVE,120010006002023
2337 SW ARCHER RD,120010015142000
1403 & 1404 NORTHWEST 10TH AVENUE,NA
SW 10TH TER & SR-226,NA
3200-3270 NW 143RD ST,NA
4400 SW 35TH TER,120010015191006
505 NW 4TH ST,120010002001007
417 NW 39 RD,120010016031008
815 SE 4TH AVE,120010005001073
1126 NE 10TH PL,120010005002002
505-599 NW 17TH ST,120010010004019
4896-4898 NORTHWEST 48 PLACE,120010018113015
"2627 SW 38TH PL
GAINESVILLE FL 32608
UNITED STATES",120010015162004
3125-3299 NW 34TH ST,120010011004007
228 SE DEPOT AVE,120010005001110
1545 W UNIVERSITY AVE,120010009022001
2718 W UNIVERSITY AVE,120010010002015
732 NE 3RD AVE,120010005004023
6889 NORTHWEST 69TH TERRACE,120010018113000
500-598 NW 36TH AVE,120010003021006
20 S MAIN ST,120010005001060
404 NW 14TH AVE,120010003012018
2912 W UNIVERSITY AVE,120010010002030
401 NW 19TH ST,120010010003003
3715-3799 NW 31ST TERRACE,120010012022011
401 E UNIVERSITY AVE,120010005001030
1705 NW 12TH RD,120010010001033
1209 W UNIVERSITY AVE,120010002005000
NW 25TH DRIVE/NW 45TH AVE,NA
3960 SOUTHWEST 1 AVENUE,120010016042002
126 NW 7 TERRACE,120010002004000
1228 NW 3 AVE,120010002003014
145–299 NW 6TH ST,NA
2204 NW 2ND AVE,120010010004032
2606 FL-20,120010003023025
4001-4199 NW 48TH PL,120010012011012
1007 NORTHEAST 1ST STREET,120010003012023
4343 WEST NEWBERRY ROAD,120010016042005
1050 SE 23RD AVE,120010003023030
2205 NW 7TH LN,120010010004009
535 NE 8TH AVENUE,120010005005001
1738 W UNIVERSITY AVE,120010010003031
2500 SW 14TH PL,120010008091023
2913 NW 6TH TER,120010003023025
3410 NW 42ND TER GAINESVILLE FLORIDA,120010011001011
801-899 SW 8TH AVE,120010002006015
4000 SW 40TH BLVD,120010015191006
2500 SW 14TH DR,120010008091023
111 NE 7TH ST,120010005004027
718 SOUTHWEST 10TH STREET,120010002006009
SR-121 S,NA
710 NW 4TH STREET,120010002001002
97 E UNIVERSITY AVE,120010005001048
34TH STREET AND WILISTON RD,120011108001017
NE BOULEVARD & NE 10TH AVE,NA
SE 2ND AVE,NA
1102 NW 10TH AVE,120010003012037
1500 NW 2ND ST,120010003012003
3845 NW 14TH PLACE,120010017021027
7515 SW 24TH AVE,120010022052000
1017 NE 12TH AVE,120010005002020
720 NE 5TH AVENUE,120010005004007
1515 NE 6TH AVE,120010006002013
1720 NW 7TH L,120010010004010
UNIVERSITY AVE AND MAIN ST (SWEET MEL'S),NA
NORTHWEST 32ND AVENUE,NA
2360 MOWRY ROAD,NA
810 NW 8TH ST,120010003012048
2980 SW 35TH PL,120010015153000
302 NW 2 AVE,120010002001023
508 NW 2ND AVENUE,120010002001023
8620 NW 13TH ST LOT 215,120010018032002
249 W UNIVERSITY AVE,120010005001062
NW 40TH TER,NA
1946 NW 33RD AVE,120010012031046
4228 SW 45TH ST,120010022191000
1804 NW 51ST TER,120010017022003
730 NE 25TH ST,120010006003017
200 E UNIVERSITY AVE,120010005001023
2809 NW 45TH AVE,120010012021001
2001-2099 SE 3RD PL,120010006003056
4418 SW 20TH LANE,120010015211011
400 N W 1ST AVE,120010005001054
2222 NE 12TH ST,120010004003000
1524 NE 7TH ST,120010003012007
916 SOUTHEAST 4 STREET,120010007002011
916 NE 20 AVE,120010004003013
1225 NORTHWEST 22ND STREET,120010010001010
2233 SW 39TH WAY,120010015211000
1501  SW ARCHER RD,120010022201000
901-999 SOUTHWEST 5 AVENUE,120010002006012
528 NW 35TH TER,120010016031006
4048 NW 17TH TERRACE,120010012031015
"3000 SW 35TH PL
GAINESVILLE FL 32608
UNITED STATES",120010015153000
3901 NORTHWEST 29TH TERRACE,120010012021010
DIGNITY PROJECT,NA
116 NE 33RD AVE,120010003021015
NW 43RD STREET,NA
306 NE 7TH ST,120010005005028
537 NORTHWEST 35TH TERRACE,120010016031005
503 SW 43RD TERRACE,120010016042015
1320 NORTHWEST 21 AVENUE,120010011003028
3805 SOUTHWEST 4TH PLACE,120010016042023
1208 NW 21ST AVE,120010003011010
300-398 NORTHEAST 5TH STREET,120010005005031
1502 NORTHWEST 16TH TERRACE,120010010001002
1611 NORTHWEST 39TH AVENUE,120010012031026
1114 NORTHWEST 36TH DRIVE,120010017021007
1835 NW 7THAVENUE,NA
SW 20TH AVE & SW 34TH ST,NA
INTERSECTION OF NW 43RD ST AND NW 62ND AVE,NA
3141-3189 SW 42ND ST,120010015171000
514 SW 3RD ST,120010002002021
202 NW 21ST TERRACE,120010010004044
1628 SE 17 PLACE,120010004002018
1008 SW 8TH AVE,120010022173017
731 NORTHWEST 4TH STREET,120010002001001
608 NW 4TH AVE,120010002001015
431 NW 2ND ST,120010005001012
2613-2717 NE STATE RD 24,NA
2300 SE 11 AVE,120010007003011
1800 NW 5TH AVE,120010010004020
25 SE 2ND PL,120010005001085
2356 W UNIVERSITY AVE,120010010002001
512 SE 2ND ST,120010005001099
406-412 NE STATE RD 24,120010005005025
501-525 NE 2ND AVE,120010005001026
4019 SW 20 LN,120010015211000
1840 NW 23RD ST,120010011004025
100 WEST UNIVERSITY AVENUE,120010022172000
2420 SE 57TH BLVD,120010019022053
400 NORTHEAST 16TH AVENUE,120010004003006
SW INDUSTRIAL PARK,NA
801–873 NW 22ND TERR,NA
4442 NW 23RD DR,120010012025011
1001 NW 34TH ST,120010010005010
1009-1099 NW 21ST TERRACE,120010010001005
532 SE 5TH AVE,120010005001078
452-504 NW 37 PL,120010003021006
111 SW 3RD ST,120010005001062
500 NW 7TH AVE,120010002001002
1 SE 4TH AVE,120010005001081
NW 4TH STREET AND NW 6TH PLACE,120010002001007
408-410 NORTHWEST 4TH STREET,120010002001013
2731 FL-331,120010021012000
1911-1925 NE 3RD AVE,120010006003030
3450 HULL ROAD,NA
4000-4048 SOUTHWEST 5TH AVENUE,120010016042018
322-328 NW 15 TERRACE,120010010003009
619 S MAIN ST,120010005001108
430-490 NORTHWEST 39TH AVENUE,120010003022005
1035 NE 3RD AVE,120010005004029
1920 NORTHWEST 9TH STREET,120010003011025
561 NW 12TH ST,120010002003009
358-398 SOUTHEAST 4TH AVENUE,120010005001067
1001–1099 NE 5TH TER,NA
321 SE 3RD ST,120010005001067
1-107 SE 4TH PL,120010005001088
1127 NW 16TH AVE,120010003012009
560 SOUTHWEST 3RD AVENUE,120010002002004
1809 GAINESVILLE-HAWTHORNE STATE TRAIL,NA
SW 20TH AVE,NA
2221 NORTHWEST 19TH AVENUE,120010011003030
2632 NW 4TH PL,120010010002001
3401 WEST UNIVERSITY AVENUE,120010016043000
310 NW 36TH AVE,120010003021006
1627 NW 7TH PLACE,120010010004011
600 NW 10TH ST,120010002003009
1004 NW 8TH ST,120010003012038
NW 23RD TER & NW 62ND AVE,NA
20 W UNIVERSITY AVE,120010005001050
SW 35TH PLACE,NA
3514 NW 11TH AVE,120010017021010
3920-3930 NW 33RD PL,120010011001012
2233 SW 39 WAY,120010015211000
426 NW 4TH ST,120010002001013
4734 NW 35TH ST,120010012011000
2185-2199 NW 16TH AVE,120010010001010
MOUNT MORIAH BAPTIST CHURCH,NA
3237 NORTHWEST 30TH AVENUE,120010011004008
1639 NW 2ND AVENUE,120010010003027
12 SE 1ST ST,120010005001048
1600 SW ARCHER ROAD,120010009021006
1236 NW 30 AVE,120010003023024
1100 NORTHEAST 5TH AVENUE,120010005004000
1000 NE 16TH AVE,120010004003009
6518 NW 26TH TERRACE,120010018033010
2202 NORTHWEST 2ND AVENUE,120010010004032
407 SOUTHWEST 5TH AVENUE,120010002002020
305 NE 6TH AVENUE,120010005005020
500-698 NW 19TH ST,120010010004026
807 NW 3RD AVE,120010002004002
435 S MAIN ST,120010005001088
521 NORTHWEST 23RD AVENUE,120010003011005
200 NE 9TH ST,120010005004025
800-898 NE 9TH ST,120010005003033
SW 39TH WAY & SW 20TH AVE,NA
1639 NW 11TH RD,120010010001018
2220 SW 39TH WAY,120010015211000
2911 NW 39TH PL,120010012021010
7600 48 WAY,NA
422 NW 3RD AVE GAINESVILLE 32601 UNITED STATES,120010002001019
1125-1347 NORTHWEST 22ND STREET,120010010001010
5129-5299 NORTHEAST 15TH STREET,120010019021004
1026 NW 14TH AVE,120010003012013
1100 NORTHWEST 8TH STREET,120010003012039
827 NW 15TH AVE,120010003012014
317 SW 23RD TERRACE,120010010002032
704 NW 31 PLACE,120010003023021
3940 SR-24 W,NA
1005 NW 39TH AVE,120010003023000
5232 NW 19TH ST,120010012025000
804 SOUTHWEST 2ND AVENUE,120010002004016
700 SW 34TH ST,120010016043007
NE 7TH TERRACE AND NE 9TH AVE,120010005003030
429 NORTHWEST 14TH STREET,120010010003000
100 SW 2ND AVE,120010005001094
1900-1998 18TH PL,120010004002022
1404 NORTHEAST 31ST AVENUE,120010004004000
1212 SOUTHWEST 1 AVENUE,120010002005000
1415 NW 14TH AVENUE,120010010001021
202 NW 15TH AVENUE,120010003012003
1224-1242 NORTHWEST 8TH AVENUE,120010003012046
3805 NORTHWEST 14TH PLACE,120010017021027
"3705 SW 27TH ST
GAINESVILLE FL 32608
UNITED STATES",120010015162000
1822 NW 6TH AVENUE,120010010004021
506 NW 3RD STREET,120010002001007
1322 NORTHEAST 19TH PLACE,120010004002015
2204 NORTHWEST 2ND AVENUE,120010010004032
5300 NW 34TH BLVD,120010017011009
2099 NORTHWEST 32ND TERRACE,120010011004011
1425 NE 2ND ST,120010005003005
723 NORTHWEST 15TH STREET,120010010004002
2000 NW 43RD PL,120010012031006
2805-2813 SW 29 PL,120010015152006
NE 23RD AVE & NE 8TH ST,NA
2006 NE WALDO RD,120010004002008
517 NE 4TH AVE,120010005005030
300–398 SE 1ST AVE,NA
2226 NW 7TH LANE,120010010004009
1008 NE 7TH PL,120010005004003
1100 NW 16TH ST,120010010001019
1600 NORTHWEST 6TH STREET,120010003011030
2720 NORTHWEST 39TH DRIVE,120010011002006
865 NW 31ST AVE,120010003023041
15 NW 1ST ST,120010005001050
1918 NORTHWEST 1ST AVENUE,120010010004041
"3533 SW 24TH AVE
GAINESVILLE FL 32607
UNITED STATES",120010015213028
700 NORTHEAST 13TH AVENUE,120010005003003
1230 NW 4TH AVE,120010002003012
2–80 NW 3RD ST,NA
901 NW 8TH AVE,120010022081000
114 NW 10TH ST,120010002004005
120 NW 8TH ST,120010002004011
1030-1040 NE 8TH AVE,120010005002036
501 NW 39 ROAD,120010016031008
101-199 NE 2ND AVE,120010005001023
3315 NW 6TH ST,120010003021010
NORTHEAST 9TH STREET,NA
2035 NW 3RD AVE,120010010004042
1515 NW 39TH TER,120010017021012
2910 SW 1 AVE,120010010002029
ARCHER RD AND 34TH ST,120010015213036
800 NE 7TH STREET,120010005003036
3700-3750 SOUTHWEST WILLISTON ROAD,120010015191019
1316 NE 28TH AVENUE,120010004004021
700 NORTHWEST 19TH AVENUE,120010003011025
2923 NW 45TH AVE,120010012021001
NW 18TH TER & NW 8TH AVE,NA
4236 SW 35TH TERRACE,120010015191006
101-201 SE 2ND AVE,120010005001084
3415 SW 39 BLVD,120010015191006
325 NW 30 ST,120010010002030
682-688 NW 22ND ST,120010010004032
2107 NW 4TH AVENUE,120010022071002
2207 NW 2 AVE,120010010004034
4800 NW 77TH RD,120010018131010
NORMAN HALL ADDITION,NA
2105 NW 7TH PLACE,120010010004027
1515 N MAIN ST,120010003012000
2155 NORTHWEST 3 PLACE,120010010004044
800-898 NE 5TH PL,120010005004009
2601 NW 23RD BLVD,120010012032000
1803 NW 7 STREET,120010003011030
2510 NE 9TH STREET,120010004004018
5201 NW 34TH BLVD,120010012011000
1805 NW 31ST PLACE,120010012032000
4223 NW 22ND ST,120010012025013
1200 NW 4TH AVE,120010002003012
1802 NORTHEAST 8TH STREET,120010004003003
2150 NW 8TH AVE,120010010001035
720 NW 4TH ST,120010002001002
4414  ALPINE DRIVE,NA
2610 NW 2ND AVE,120010010002003
503 SW 23RD PL,120010008083004
3320 NW 27TH AVE,120010011004009
3250-3290 NORTHWEST 37TH STREET,120010011001004
1510 NW 4TH ST GAINESVILLE FL,120010003012004
SW 20TH AVE @ SW 38TH TERR,120010015211000
3441 NW 42ND PLACE,120010012011000
2526 NORTHWEST 54TH BOULEVARD,120010012023008
3500 NW 17TH ST,120010012031023
1–99 SE 1ST AVE,NA
#010 NW 10TH PLACE,NA
2525 NW 62ND PL,120010018033015
533 SE 6TH PLACE,120010002002030
930 NW 8TH AVE,120010003012048
1724 NW 7TH AVENUE,120010010004010
6714 NW 16TH STREET F,NA
1724 NE 7TH STR,120010004003005
502 NW 2ND AVE,120010002001023
"4800 SW 35TH DR
GAINESVILLE FL 32608
UNITED STATES",NA
3607-3611 NE STATE RD 24,NA
899 NORTHWEST 19TH AVENUE,120010003011027
3207 NORTHWEST 52ND LANE,120010012011011
725 SE 2ND AVENUE,120010005001070
1107 S MAIN ST,120010007002012
1409 NE 2ND ST,120010005003005
3275 SOUTHWEST 40 BOULEVARD,120010015213023
2107 NW 4TH PL,120010010004045
117 SW 7 ST,120010002004018
1705 S MAIN ST,120010007002053
NORTHWEST 6TH STREET,NA
1170–1190 NE WALDO RD,NA
1166-1352 SW 34TH ST,120010015201001
1648-1680 NORTHEAST 39TH AVENUE,120010019021021
452 NW 37 PL,120010003021006
4402 NW 20TH ST,120010012031006
901 NE 23RD ST,120010006001015
305 NW 28 TERRACE,120010010002002
3126 NW 46 PLACE,120010012024002
1615-1621 SE 4TH AVE,120010007003005
158-198 NW 15 TERRACE,120010010003026
1311-1331 SOUTHWEST 13TH STREET,120010008061010
1004 SW 6TH AVE,120010002006006
5100 NW 80TH  RD,120010018131012
NORTHEAST STATE ROAD 24,NA
311 SW 13 ST,120010002005003
1205 NE 6TH TER,120010005003009
2253 NW 19TH LN,120010011003015
1542 WEST UNIVERSITY AVENUE,120010010003026
HOGTOWN CRK HEADWATERS NATURE PARK,NA
817 NW 3RD AVE,120010002004002
8620 NW 13TH ST LOT 456,120010018032002
5334-5346 SOUTHWEST 34TH STREET,120010015191006
760 SW 16TH PL,120010008082002
2158 NW 29TH PLACE,120010011003003
4110 SW 34TH STREET,120010015191006
1920 NW 42 AVE,120010012031020
"1711 SW 37TH ST
GAINESVILLE FL 32607
UNITED STATES",120011108001002
1630 W UNIVERSITY AVE,120010010003032
1125 SE 4TH ST,120010007002020
1221 NW 13TH ST,120010003012011
5012 NORTHWEST 16TH PLACE,120010017022003
715 SW 10TH ST,120010002006013
725 NW 18TH TERR,120010010004010
307 SW 40TH TERRACE,120010016042018
1005 NE 14TH AVE,120010005002015
3406-3498 NW 19TH ST,120010012031041
2474 NW 31ST AVE,120010012022013
2823 SW 40TH AVE,120010015172008
2000 SW 13TH ST,120010008091008
1500 NW 45TH AVE,120010012031001
819-999 NW 16TH AVE,120010003012008
1126 NORTHWEST 16TH AVENUE,120010003011025
100-142 NE STATE RD 24,120010005001026
100-160 NORTHWEST 27TH STREET,120010010002004
682 SOUTHWEST 12TH STREET,120010002006004
NW 21ST AVENUE AND NW 7TH TERRACE,NA
2256-2298 NW 13TH ST,120010022043021
8223 NW 53 STREET,NA
5410 NW 54TH LN,120010018114000
2635 SW 35TH PL,120010015162000
411 NW 8TH AVE (GPD),120010022081000
900 NW 18TH ST,120010010001015
2725 NW 44TH PL,120010012021018
800-922 SE 20 ST,120010007003015
19 NW 22ND DR,120010010004033
SE 2ND PLACE,NA
1106 NW 31ST AVE,120010003023016
500-530 NE 3RD ST,120010005005021
415-C NW 39 RD,120010016031008
3224 NW 17TH STREET,120010012031040
1105 NW 14TH AVENUE,120010003012012
4033 NW 33 AVE,120010011001011
1010-1012 NW 43RD AVE,120010003022012
105 SW 3RD STREET,120010005001062
500-524 NORTHEAST 9TH STREET,120010005004007
108 NW 30 ST,120010010002012
GAINESVILLE 32601,NA
1300 NE 2 ST,120010003012000
425 NE 9TH ST,120010005004016
WILLISTON ROAD AT 34TH STREET,120011108001017
1420 NORTHWEST 2ND STREET,120010003012019
1925–2219 NW 43RD ST,NA
3719 NE 14TH ST,120010004004000
1904 NW 36TH DR,120010011002016
121 NW 28TH TER,120010010002002
400 NE 9TH ST,120010005004021
1189 N MAIN ST,120010003012023
7631 NW 20TH DR,120010019082015
101 NW 28 TERRACE,120010010002002
2918-2924 NORTHEAST 10TH STREET,120010004004010
310 NW 7TH AVE,120010002001001
600 NW 36TH ST,120010016031007
1003 SOUTHEAST 4TH AVENUE,120010007001017
533 NW 6TH PLACE,120010002001006
4501 NW 28TH TERRACE,120010012021007
458 NORTHWEST 48TH BOULEVARD,120010016041019
3320 NW 31ST AVE,120010011004007
2601-2611 SW 8TH DR,120010008083005
3500 SW 29TH TERRACE,120010015172000
814 NE 7TH PL,120010005004005
1725 NW 3RD PL,120010010003006
627 NE 8TH AVE,120010005005000
318 NW 24TH ST,120010010002001
504 SW 10TH ST,120010002006006
605 NW 3 ST,120010002001008
98 SOUTHWEST 5TH AVENUE,120010005001089
1149 SOUTHWEST 2ND PLACE,120010002004023
401 NW 6TH ST,120010002002015
4 SW 23RD ST,120010010002032
1019 NW 4TH ST,120010003012052
2266 NW 52ND PL,120010012025006
10 N MAIN STREET,120010005001050
2204 NW 5TH PL,120010010004032
915 NE 14TH AVE,120010005002014
NE 9TH ST AND NE 8TH AVE,120010005002038
800 NW 19TH AVE,120010003011025
65-99 SE 3RD ST,120010005001030
1030 NW 36 RD GAINESVILLE FL,120010003023000
598 SW 40TH TERRACE,120010016041000
300 NW 6TH ST,120010002001026
3506 NW 30TH PL,120010011001002
2211 NW 16TH TER,120010011003028
3733 NORTHWEST 49TH LANE,120010012011004
4449 NW 78TH RD,120010018131012
300 SW 13TH ST,120010007001011
301–399 NW 3RD AVE,NA
2711 NW 29TH PL,120010011004001
8145 NW 53RD ST GAINESVILLE,NA
820 NW 19TH AVE,120010003011025
1035-1099 NORTHEAST 7TH PLACE,120010005004012
1200 NE 4TH STREET,120010005003012
2445 SW 13 STREET,120010008082010
NW 6TH ST,NA
1200 SE 4 ST,120010007002049
N MAIN ST AND NE 16TH AVE,120010003011002
NE 15TH STREET AND NE 39TH AVE,120010019021021
3921 SW 34TH STREET,120010015172000
1001-1021 7TH TERRACE,120010005003025
2839 NW 39TH AVE,120010012022011
2146 SE 2 AVE,120010006003038
SR-331 S,NA
800-850 NORTHEAST 16TH AVENUE,120010004003008
2–98 SE 5TH AVE,NA
1110 NW 42 AVENUE,120010003022011
677 SE 1 AVE,120010005001040
4013 SW 28TH TERR,120010015171000
301 NW 36TH TERRACE,120010016031028
525 NE 7TH STREET,120010005004007
318  NORTH WEST  24  TH  ST,NA
4210 NW 6TH ST,120010003022004
"GAINESVILLE FL 32608
UNITED STATES",NA
4411 SW 34TH STREET,120010015171000
2720 NW 67TH PLACE,120010018033003
SE 1ST ST & SE 2ND PL,NA
4520 NW 28TH TERRACE,120010012021005
816 NW 6TH AVE,120010002003005
1624-1632 NW 7TH PL,120010010004003
120 SOUTHEAST 7TH STREET,120010005001040
300 NW 1ST AVE,120010005001054
1209 NORTHWEST 4TH PLACE,120010002003012
CLARK BUTLER BOULEVARD,NA
1116 NE 22ND COURT,120010006001018
400-404 NE STATE RD 24,120010005005025
2917 NE 10TH ST,120010004004013
920 NORTHWEST 20TH STREET,120010010001012
SOUTHWEST 23RD TERRACE,NA
3805 SW 4TH PLACE,120010016042023
NE 18TH AVE & NE 8TH ST,NA
819 NE 8TH AVE,120010005004005
2835 W UNIVERSITY AVE,120010010002029
25 SW 5TH TER,120010005001064
3400 NW 5TH ST,120010003021010
CELEBRATION POINT AVE,NA
2132 NW 50TH PL,120010012025002
407 NE 9TH ST,120010005004020
1710 NW 7TH ST,120010003011027
3009 NW 2ND AVE,120010010002012
1400 MAIN STREET,120010008061011
4040 NW 47TH PL,120010012011012
228 NW 15TH AVE,120010003012003
702 NW 11TH AVE,120010003012041
2356-2358 W UNIVERSITY AVE,120010010002001
2444 NE 13TH AVE,120010006001000
2811 NWTH 4TH LANE,NA
1000 SW 11TH TER,120010008061008
LITTLE HALL,NA
515 NW 23RD AVENUE,120010003011005
WALDO ROAD GREENWAY,NA
LOT 177 IN LAMPLIGHTER MHC 5200 NE 39TH AVE,120010019022028
3933 SW 26TH DR,120010015162004
560 SW 3RD AVE,120010002002004
319 NW 4TH AVE,120010002001020
1931A NW 6TH ST,120010003011016
1001-1075 SR-20,NA
601 NW 36TH ST,120010016031006
1000-1300 NW 2ND STREET,120010003012053
50 NW 13TH ST,120010007001001
3412 NORTHWEST 13TH AVENUE,120010017021007
223 NW 28TH TERRACE,120010010002002
2841 SW 13TH ST,120010008083001
116 SW 1ST AVE,120010005001061
2101 NORTHWEST 16TH TERRACE,120010011003028
106-112 NORTHWEST 3RD AVENUE,120010005001013
35 N MAIN ST,120010005001049
2356 WEST UNIVERSITY AVENUE,120010010002001
102-198 SE 1ST AVE,120010005001047
1100-1298 6TH TERRACE,120010005003008
1420 NW 2ND ST,120010003012019
1024 W UNIVERSITY  AVE,120010002004015
1326 NW 11TH ROAD,120010010001024
NORTHEAST PARK,NA
2026 NORTHWEST 26TH STREET,120010011004023
1903 NW 36TH TER,120010011002018
NORTHWEST 13TH TERRACE,NA
1001 WALDO ROAD GREENWAY-DEPOT AVENUE RAIL-TRAIL,120010006001040
1989-1999 SOUTHWEST 38TH TERRACE,120010015201010
1700-1898 SW 66TH DR,120010022193010
1451-1505 SR-24 E,NA
116 SOUTHEAST 1ST STREET,120010005001058
842 NW 52ND TER,120010017022026
100 N MAIN ST,120010005001021
4613 NW 25TH DR,120010012021015
1929 NW 7TH LANE,120010010004025
755 NW 18TH ST,120010010004004
516-530 NORTHEAST 10TH AVENUE,120010005003016
3004 SW 4 CT,120010008081003
300 NW 8TH ST,120010002003025
2029 NW 21ST LANE,120010011003021
2041NORTHWEST 7TH PLACE,NA
968-998 SE 9 ST,120010007002023
400-498 SW 10TH ST,120010002006002
3655 NW 44TH LN,120010012011000
3221 NORTHWEST 44TH PLACE,120010012024010
276 NORTHWEST 22ND STREET,120010010004032
1730 NW 39TH DR,120010017021014
3932 NW 62ND LN,120010018034007
621 SE DEPOT AVE,120010005001111
4000 BLK OF NE 15TH ST,NA
3925 SOUTHEAST 15TH STREET,120010007003042
2634 NORTHWEST 4TH AVENUE,120010010002008
8   NW  24  ST,120010010002001
902 N MAIN ST,120010003012056
4005 SW 21ST LN,120010015211000
500-522 NE 3RD AVE,120010005005030
NE 6TH PL AT NE 7TH ST,120010005005014
210–298 NE 2ND AVE,NA
501-519 SW 5TH AVE,120010002002019
4301–4399 NW 82ND BLVD,NA
1257 SW 9TH RD,120010002006024
4105 NORTHWEST 22ND DRIVE,120010012025013
1116 NW 32ND AVE,120010003023017
1007 NW 5TH AVE,120010002003016
2922 NW 31ST AVE,120010012022011
901 NORTH MAIN STREET,120010003012024
100-146 SW 12TH ST,120010002005001
1630-1640 NORTHWEST 23RD STREET,120010011004026
1515 NORTHWEST 10TH STREET,120010003012008
328 SW 34TH ST,120010016043007
NW 76TH BLVD & W NEWBERRY RD,NA
NW 12TH ST 1800,NA
NW 13TH ST & NW 3RD AVE,NA
2004 NW 37TH BLVD,120010011002015
1674 19TH CIRCLE,120010011003026
3555 NW 30TH BLVD,120010011001014
320 SOUTHEAST 7TH STREET,120010005001069
9-99 NE 11TH ST,120010005004031
4016 SW 22ND ROAD,120010015211000
2715 NW 46TH PL,120010012021015
200 SOUTHEAST DEPOT AVENUE,120010005001110
1550 SE 3RD AVE,120010007003001
2840 NORTHEAST 12TH STREET,120010004004014
206 SE 1ST ST,120010005001083
700 SOUTHWEST 62ND BOULEVARD,120010016044006
447-499 NE 7TH AVE,120010005005009
1205 NW 8TH ST,120010003012029
6424 NW 29TH TERRACE,120010018031006
904 NE 26TH TERRACE,120010006001020
2834 NW 31ST TERRACE GAINESVILLE FLORIDA,NA
2831 NORTHWEST 53RD AVENUE,120010012011000
1019 NW 42ND AVE,120010003022010
555 NW 31ST AVE,120010003021006
434 NW 37TH PL,120010003021006
7835 NW 44TH STREET,120010018131012
18 EAST UNIVERSITY AVE,120010005001049
931 SW 8TH LANE,120010002006017
1423 NW 10TH AVE,120010010001031
617 NW 5TH AVE,120010002001015
4000 NORTHWEST 8TH AVENUE,120010017021033
3330 NE WALDO ROAD,120010004001000
4621 NW 27TH TERRACE,120010012021015
2650 SE 41ST AVENUE,120010007003040
NORTHWOOD OAKS (33RD STREET AND 65TH AVE),NA
1619 NE 19TH LN,120010004002011
1007 N MAIN ST,120010003012023
2837 NORTHWEST 49TH PLACE,120010012021000
2138 NW 29TH PL,120010011003003
1–109 NW 20TH TER,NA
NE 16TH AVE & NE WALDO RD,NA
1320 NW 3RD AVE,120010010003020
1115 NE 3RD AVE,120010005004030
600 NORTHWEST 12TH AVENUE,120010003012042
1007 NE 1ST AVE,120010005004032
935 SE 10TH TERRACE,120010007002026
2383 SW ARCHER RD,120010015142000
NW 39TH ROAD,NA
320 NW 7TH AVE,120010002001001
800 SE 4TH ST,120010003012060
2260 NE 4TH AVE,120010006003018
1324 NE 7 TER,120010005003003
1031 NE 1 ST ST GAINESVILLE,120010003012023
NW 44TH ST,NA
2 W UNIVERSITY AVE,120010005001050
4105 NW 22ND DR,120010012025013
1–99 NE 3RD ST,NA
900 FLORIDA 24,120010002004003
SEARCHING,NA
8620 NW 13TH ST,120010018032002
301 NE BLVD,120010005005029
1000 SE 18TH TER,120010007003018
1049 SE 23RD STREET,120010007003011
NE 10TH AVE AND NE 7TH TERRACE,NA
NW 6TH STREET,NA
3915-3925 NORTHWEST 34 PLACE,120010011001012
606 NW 32ND PL,120010003023020
104 S MAIN ST,120010005001059
2798 SW 2ND AV,120010010002020
1253 WEST UNIVERSITY AVENUE,120010002005000
820 NW 1ST PL,120010016041002
217-303 NORTHWEST 36TH DRIVE,120010016031009
"3630 SW 47TH AVE
GAINESVILLE FL 32608
UNITED STATES",120010022191011
1519 NORTHWEST 25TH TERRACE,120010010005002
1106 NW 51ST TER,120010017022027
2015 SW 39 WAY,120010015211000
SE DEPOT AVE,NA
41000 NW 32ND AVENUE,NA
2001-2009 W UNIVERSITY AVE,120010009024003
3101 SW 45 ST,120010022191007
458 NW 48TH BLVD,120010016041019
1300-1344 SOUTHWEST 13 AVENUE,120010008091000
18 W UNIVERSITY AVE,120010005001050
1406 NORTHWEST 8TH STREET,120010003012014
2912 NE 12TH STREET,120010004004014
3952 SOUTHWEST 5TH PLACE,120010016042023
2722 NORTHWEST 49TH PLACE,120010012021000
2649 NW 45TH PLACE,120010012021015
NE 9TH ST AND 7TH AVE,120010005004011
700 NE 10TH PLACE,120010005003019
601–621 NW 5TH ST,NA
817 NW 37TH TERRACE,120010017021007
7 NW 36TH ST GAINESVILLE,120010016031027
ARBOR PARK APARTMENTS,NA
2023 NW 14TH AVE,120010010001008
2224 NW 13TH ST,120010022043021
NW 4TH TERRACE,NA
"3213 SW 42ND ST
GAINESVILLE FL 32608
UNITED STATES",120010015171000
310 NW 15TH AVE,120010003012003
4812 NW 28TH PL,120010019083019
6702 NW 29TH TER,120010018031006
办理UF佛罗里达大学文凭毕业证QQ|微信729926040办理UF成绩单|办理佛罗里达大学毕业证成绩单|办理美国毕业证文凭办理美国成绩单、办理美国真实回国人员证明UNIVERSITYOFFLORIDA,NA
1800 NW 34 PL,120010012031023
1201-1209 NW 18 AVE,120010003011026
1284-1328 SR-24 W,NA
200 NE 1ST ST,120010005001018
924-998 NW 18TH ST,120010010001015
3455-3499 SOUTHWEST 42ND AVENUE,120010015191006
"1725 SW 38TH TER
GAINESVILLE FL 32607
UNITED STATES",120010015201007
3624-3830 SOUTHWEST 25TH TERRACE,120010015171013
2324 NORTHWEST 66TH TERRACE,120010017023015
702-706 NW 36TH AVE,120010003023000
608 NW 5TH AVE,120010002001018
2524 NORTHEAST 4TH AVENUE,120010006003013
4445 SW 35TH TERRACE,120010015191006
HIDDEN LAKE,NA
2 NW 29 ST,120010010002030
4320 NW 28TH TERRACE,120010012021003
1988-1998 NORTHEAST 31ST AVENUE,120010004001000
4002 NW 8TH AVE,120010017021033
3516-3528 NW 29TH PL,120010011001016
200 NW 18TH ST,120010010003004
FIRST LUTHERAN CHURCH OF GAINESVILLE,NA
5201 FLORIDA 121,120010015171004
22 NW 18TH TERRACE,120010010003030
3941 SW 5TH PLACE,120010016042024
500 SOUTH MAIN STEET GAINESVILLE FL,120010005001106
4929 NW 13TH AVENUE,120010017022017
601-699 NW 15 AVE,120010003012016
3703 NW 49 LANE,120010012011004
MILLRUN SW 20TH,NA
2546 SW 31ST PL,120010015152002
708 NW 31ST AVENUE GAINESVILLE FLORIDA,120010003023034
1001 WALDO RD GREENWAY-DEPOT AVENUE RAIL-TRAIL,120010006001040
2925 SR-222,NA
202 SE 7TH ST,120010005001041
724 NW 30TH AVENUE,120010003023041
NW 37TH PLACE AND NW 6TH STREET,120010003021006
1001 NE 28TH AVE,120010004004017
101 SW 6TH ST GAINESVILLE,120010005001065
SW 35TH BLVD,NA
3055 NE 28TH AVE,120010007004026
228 NW 15TH AVENUE,120010003012003
1985-1999 NW 9TH ST,120010003011025
3101-3399 SW 42ND PL,120010015171000
310 NW 15TH AVE GAINESVILLE FL,120010003012003
2132-2144 NORTHWEST 4TH PLACE,120010010004035
2102 NW 7TH ST,120010003011013
3205 CLARK BUTLER BOULEVARD,NA
909 SW 5TH AVE,120010002006012
201 W UNIVERSITY AVE,120010005001062
311 SW 40TH TERRACE,120010016042018
4323 SW 21ST LN,120010015211010
1312-1322 NE 20 AVE,120010004002016
1949 NE WALDO RD,120010019022071
2033 NE 9TH TERRACE,120010004003014
2212 NW 25 STREET,120010011004019
600 SW DEPOT AVE,120010002002031
6705 NORTHWEST 18TH DRIVE,120010022041000
3304 NW 19TH ST,120010012031046
733 NW 91ST ST,120010022071008
1219 FL-24,120010006001028
7 W UNIVERSITY AVE,120010005001060
206 NE 7TH ST,120010005005028
3929 NORTHWEST 7TH PLACE,120010016031008
412 NW 3RD ST,120010002001011
1919 NW 4TH AVE,120010010004038
13 NE 9TH ST,120010005004028
218 NW 12TH TERRACE,120010002004007
SE CORNER OF NW 14TH AVE & NW 17TH STREET,NA
INTERAECTION OF SW 34TH STREET AND SW 2ND AVE,NA
1333 NW 5TH AVE,120010010003000
2735 SW 35TH PL APT 606,120010015172004
301-399 NE 12TH ST,120010005004018
1433 NW 3RD AVE,120010010003018
4303 NW 27TH TER,120010012021018
30TH PL,NA
402 NW 13TH ST,120010018013009
4123-4149 NORTHEAST 49TH AVENUE,120010019022007
516 SE 18TH STREET,120010007003006
548 NE 12TH ST,120010005004000
537 NE 1ST ST,120010005001008
1209 SW 3 AVE,120010002005003
2001 NW 2ND ST,120010003011003
CORNER OF 8TH AND SW 8TH STREET,NA
4322 NW 20TH TERR,120010012031007
"101–399 NE 12TH ST
GAINESVILLE FL 32601
UNITED STATES",NA
1323-1399 NW 3RD PL,120010010003020
"3245 SW ARCHER RD
GAINESVILLE FL 32608
UNITED STATES",120010015151000
1710-1798 NW 23RD ST,120010011004026
8620 NW 13TH ST LOT 323,120010018032002
5129 NW 53RD AVENUE,120010018113000
5315 NORTHWEST 34TH BOULEVARD,120010018034018
NE 7TH STREET,NA
4151 SW 17TH PLACE,120010015201007
1900 NW 5TH AVE,120010010004026
700-798 SE 1ST AVE,120010005001032
SE 4TH STREET,NA
730 NE WALDO RD,120010005004000
40 SW 2ND ST,120010005001062
7308 NORTHWEST 21 WAY,120010019082015
1825 NW 8TH AVE,120010022081000
529-599 NE 2ND AVE,120010005001026
1040 NE 5TH ST,120010005003014
2000 NW 4TH AVENUE,120010003011016
504 NW 17TH ST,120010010004020
3205 NW 27TH STREET,120010012022013
1112 NW 10TH AVE,120010003012037
6 NW 26TH ST,120010010002006
1415 NE 7TH ST,120010005003003
100 NE 7TH ST,120010005005038
4025 NW 9TH CT,120010017021033
619 NW 5TH AVE,120010002001015
1221 SE VEITCH ST,120010007002049
2–98 NW 3RD AVE,NA
422 NORTHWEST 15 AVENUE,120010003012004
2700-2714 NW 4TH PL,120010010002001
625 NW 22ND ST,120010010004026
507 NW 19TH STREET,120010010004022
4321 SW 24TH AVE,120010015213023
212 NW 28TH TERRACE,120010010002013
4133 NW 12TH ST,120010003022014
711 SOUTHEAST 7TH AVENUE,120010007002007
NE 9TH AVE AND N MAIN ST,120010003012056
2638 NW 45TH PLACE,120010012021015
201-299 NE 5TH AVE,120010005005022
204 NW 15TH AVE,120010003012003
2923 SW 40TH AVE,120010015172008
403 NE 9TH ST,120010005004020
5403 NORTHWEST 45 DRIVE,120010018131055
673-709 NW 22ND ST,120010010004026
NE BLVD AND NE 10TH AVE,120010005003043
100-198 NE 4TH AVE,120010005001008
200 E UNIVERSITY AVE GAINESVILLE,120010005001052
22 NW 13TH ST,120010007001001
4501 SW 20TH AVE,120010015211009
3222 N MAIN ST,120010003021013
527 NW 35TH TERRACE,120010016031005
2321 SW 34TH PL,120010015153009
212 NW 28 TERRACE,120010010002013
1915 NW 5TH AVENUE,120010010004037
2104 SW 23RD ST,120010015142001
4040 NW 17TH TER,120010012031015
739 NORTHWEST 23RD STREET,120010010004009
"2212 SW 38TH TER
GAINESVILLE FL 32607
UNITED STATES",120010015211000
NW 16TH TERRACE,NA
4436 NW 27TH TERRACE,120010012021000
3100 SW ARCHER RD,120010015141004
1231 NE 9TH ST,120010005002014
3508 NW 19TH ST,120010012031042
1735 NW 7TH PLACE,120010010004010
1274-1298 SW 9TH RD,120010002006019
SE 2ND PL @ S MAIN ST,120010005001092
101 W UNIVERSITY AVE,120010005001061
818 NW 21ST TERRACE,120010010001035
2626 SOUTHWEST 35TH PLACE,120010015153000
3713 NW 40 ST,120010011001007
1100-1198 SOUTHEAST 1ST AVENUE,120010007001005
711 NW 19TH AVE,120010003011027
3941 SW 5TH PL,120010016042024
303 WEST UNIVERSITY AVENUE,120010005001063
700-798 NW 4TH ST,120010002001002
7084 NORTHWEST 52ND TERRACE,120010018131020
3473 NORTHWEST 49TH AVENUE,120010012011000
1852 NW 10TH AVE,120010010001016
2276 NW 19TH LN,120010011003014
734 EAST UNIVERSITY AVENUE,120010005004027
204 FL-24,120010005001052
820 SE 7TH AVE,120010007001030
505 SE 2ND ST,120010005001100
2450 SE 4TH LANE,NA
1601-1621 NW 11TH RD,120010010001018
WEST NEWBERRY ROAD,NA
2851-2999 W UNIVERSITY AVE,120010010002029
2-98 NW 1ST AVE,120010016042006
3980 SR-24 W,NA
201 NW 2 AVE,120010005001053
805 NE 10TH PL,120010005003025
3501 NW 26TH TERRACE,120010012022013
3626 NW 68TH LN,120010018034007
236 NW 3RD AVE,120010002001021
10504 SOUTHWEST 17 PLACE,120010022082000
1014-1024 NE 5TH ST,120010005003014
4814 NW 19TH PLACE,120010017022003
3477-3699 SW WILLISTON RD,120010021012000
612 SW 26TH PL,120010008083004
211 NE FIRST ST,120010005001017
120 W UNIVERSITY AVE,120010022172000
4106 NW 19TH DR,120010012031022
3850 W NEWBERRY RD,120010016031030
360 SR-24 W,NA
2201-2207 NW 2ND AVE,120010010004034
12 SW 2ND ST,120010005001062
2067-2087 NORTHEAST 8TH AVENUE,120010006003018
3427 NW 17 TERRACE,120010012031023
601-699 NE 2ND AVE,120010005005038
N MAIN AND NE 9TH AVE,120010003012056
436 SE 8TH ST,120010005001074
12806 SW STATE ROAD 45,NA
2252 NW 8TH AVE,120010010005017
3304 SOUTHWEST 4 COURT,120010008081003
2221 NW 19 AVE,120010011003030
2204 NW 2 AVE,120010010004032
404 NW 14TH ST,120010010003001
712-798 SW 5TH AVE,120010002006000
1800 NORTHEAST 12TH AVENUE,120010005002000
709 NW 22ND ST,120010010004026
2141 NORTHWEST 3RD PLACE,120010010004044
5100-5240 NW 34TH ST,120010018034000
110 SE 1ST ST - B,120010005001058
413 NW 7TH AVE,120010002001006
1917 SOUTHEAST 14TH AVENUE,120010007003045
3706 SW 6TH PLACE,120010016042025
2645 NW 50TH PL,120010012021000
3601-3699 SOUTHWEST 35TH BOULEVARD,120010015213031
2830 US-441 SOUTH,NA
1218 SW 3RD AVE,120010002005002
301-399 NE 3RD ST,120010005005032
4957 NW 1ST PL,120010016041015
1805 SW 13TH ST,120010008082005
4500 BLOCK OF NW 27TH TERR,NA
1115 NE 5TH AVE,120010005004018
1156 NORTHWEST 18 AVENUE,120010003011025
3002 NE 14TH DRIVE,120010004004021
NW 53RD  AVE,NA
207 SOUTHEAST 7TH STREET,120010005001070
2024 NORTHEAST 6TH TERRACE,120010004003006
4026 NW 34 DRIVE,120010012011023
4225-4235 NORTHWEST 27TH DRIVE,120010012021017
SW 9TH ST,NA
UNIVERSITY LUTHERAN CHURCH STUDENT CENTER,NA
115-199 NE 5TH ST,120010005001026
3901-3923 NORTHWEST 29TH TERRACE,120010012021010
2490 SW 14TH DR,120010008091023
722 NE 9TH AVE,120010005003030
213 NW 8TH ST,120010002004000
436 NW 2ND ST,120010002001009
101 NE 7TH ST,120010005004027
404 SW 3RD AVE GAINESVILLE FL 32601 UNITED STATES,120010002002012
800-998 SE 8TH ST,120010007002022
1404 NE 31 AVE GAINESVILLE  FL 32609,120010004004000
3905 SW 37TH STREET,120010015191006
1030 NE 12TH AVE,120010005002014
324 NW 19TH ST,120010010004038
2844 NW 4TH LN,120010010002001
205 SE 16TH AVENUE APT 6C,120010008082000
NW 9TH ST @16TH AVE,NA
1400 SE 3RD AVE,120010007001015
UNIVERSITY LUTHERAN CHURCH & STUDENT CENTER,NA
1004 NE 5 PLACE,120010005004013
3452 NW 52ND AVE,120010012011000
1211 NW 7TH AVENUE,120010002003007
2315 SOUTH MAIN STREET,120010008081003
ARCHER ROAD,NA
438 NW 48TH BLVD,120010016041019
417 NW 39TH RD APT C,120010016031008
318  NW  24  TH ST,120010010002001
1911 NW 36 DR,120010011002017
1635 NW 7TH PL,120010010004011
1710 NW 7TH AVENUE,120010010004010
3201 SOUTHWEST 45 STREET,120010022191007
4120 NW 35TH ST,120010012011023
GRU,NA
328 NORTHWEST 15TH STREET,120010010003034
15-99 SOUTHEAST 1ST AVENUE,120010005001058
3550 SW 34TH ST,120010015191002
2025-2033 NW 20TH LN,120010011003020
3927 NW 20TH DR,120010012031018
517 SW 10TH ST,120010002006012
800 NW 31ST DR,120010003023035
2208 NW 7TH LN,120010010004009
4303 SW 20TH LN,120010015211011
4113 SOUTHWEST 2ND AVENUE,120010016042008
500-522 NORTHEAST 11TH STREET,120010005004014
8223 NW 53RD STREET GAINESVILLE,NA
811 NW 3RD AVE,120010002004002
300-306 NW 8TH ST,120010002003025
949 SOUTHEAST 4 STREET,120010007002076
1305 NE 6TH TERRACE,120010005003004
629-699 NE BLVD,120010005005012
227 SW 62ND BLVD,120010016041000
1624 NW 6TH ST,120010003011030
904 NORTHWEST 62 STREET,120010016044000
505 NW 4TH PL,120010016041015
702 SW 5TH ST,120010002002038
3101 NW 2ND AVE,120010010002012
105 NW 12TH TER,120010002004007
1201 NW 31ST DR,120010010005005
2221-2617 SE 16TH AVE,120010010005000
36 NORTHWEST 27TH TERRACE,120010010002001
2102 NW 55TH AVE,120010017023018
3630-3654 SW 34TH ST,120010015191002
1324 11TH RD,120010010001024
1534 NW 7TH PL,120010010004003
3301 NW 30TH AVE GAINESVILLE FLORIDA,120010011004008
320 NW 3RD ST,120010002001020
4005 SW 26TH DR,120010015162004
401-419 NE 6TH ST,120010005005027
SE 16TH AVE AND WILLISTON RD,NA
8294 NW 52ND ST,NA
327 NE 2 AVE,120010005001024
SW 34TH ST,NA
SW 33RD AVE,NA
1475-1487 NORTHEAST 8TH AVENUE,120010005004000
3806 SOUTHWEST 4TH PLACE,120010016042019
430 N MAIN ST,120010005001010
1902 NW 1ST AVE,120010010004041
4500-4590 NW 24TH BLVD,120010012021015
1130 NE 16TH AVENUE- VACANT BEAUTY SUPPLY,120010004003019
INTERSECTION 39TH AVE AND 43RD ST,NA
1101-1199 NE 1ST AVE,120010005004031
1601 SW 51 TERRACE,120010017022006
1324 NORTHWEST 2 AVENUE,120010010003019
NW 55 STREET AND NEWBERRY ROAD,120010017023014
5801 NW 30TH TERR,120010018031005
700 NORTHEAST 8TH AVENUE,120010005003035
1523 NW 4TH ST,120010003012003
726-734 NE 11TH AVE,120010005003021
114 SE 6TH ST,120010005001030
7403 NORTHEAST STATE ROAD 24,NA
3799 SOUTHWEST 6TH PLACE,120010016041000
2199 NORTHWEST 5TH AVENUE,120010010004035
400 NW 1ST AVE,120010005001054
2823 SOUTHWEST 40 AVENUE,120010015172008
809 SW 9TH ST,120010002006015
1606 NW 22ND ST,120010011003017
BETWEEN BLUE CREEK AND DEER RUN,NA
INTERSECTION OF NW 32ND & 141ST STREET,NA
515 N MAIN ST,120010005001009
1037-1119 NORTHWEST 43RD STREET,120010017021031
1882 NW 6TH AVENUE,120010010004021
2028 NORTHWEST 33RD AVENUE,120010012031045
1-39 S MAIN ST,120010005001048
1916 NE WALDO RD,120010004002013
2 NW 34TH ST,120010016031032
318 NORTHWEST 14TH AVENUE,120010003012019
3511-3521 NW 42ND TERRACE,120010011001009
2909 NE 13 DR,120010004004021
449 NW 48TH BLVD,120010016041015
1635 NW 6TH AVENUE,120010010004019
NE 5TH AVENUE AND WALDO ROAD,NA
4136 NORTHWEST 59TH AVENUE,120010018034007
298 SE 1ST AVE,120010005001046
208 NW 36TH TER,120010016031009
2207 NW 2ND AVE,120010010004034
3848 NW 32 PL,120010011001011
2300 NW 6TH STREET,120010003023046
2222 W UNIVERSITY AVENUE,120010010004033
SOUTHWEST 9TH STREET,NA
SW 39TH BLVD,NA
3488 NW 26TH ST,120010017011014
721 NE 3RD ST,120010005005006
3035 NE 28TH AVE,120010007004026
2518 SW 14TH DR,120010008091023
401 EAST UNIVERSITY AVENUE,120010005001030
4221 NW 19TH STREET,120010012031012
220 SE 8TH ST,120010005001075
405 NW 7TH STREET,120010002001006
924-998 NE 31ST AVE,120010004004008
4302 NW 27TH DRIVE,120010012021018
420 NORTHEAST 5TH STREET,120010005005024
110 NE 10TH AVE,120010003012025
2231 NW 21 AVE,120010011003014
655 REITZ UNION DRIVE,NA
203 NE 1ST ST,120010005001017
501-529 NE 11TH AVE,120010005003015
600-614 NORTHEAST 7TH STREET,120010005005014
1903 NW 36TH DR,120010011002017
1128 SW 1ST AVE,120010002004013
2918 NE 10TH ST,120010004004010
421 SE 6TH TERRACE,120010005001076
255 DR & 6 AVE,NA
7045 NW 22ND ST,NA
3056 W UNIVERSITY AVE,120010010002009
NMAIN ST AND 1ST AVE,NA
3548-3586 WINDMEADOWS BLVD,120010015213000
1720 NW 7TH PL,120010010004004
105 SOUTHEAST 1 AVENUE,120010005001057
SE FIRST AVE,NA
404 NW 19TH ST,120010010004037
3901 NW 21ST TER,120010012025018
510-526 NE STATE RD 24,NA
2491 BIRNAM WOODS WAY GAINESVILLE,120010012021010
820 NW 30TH AVE,120010003023041
4129 NW 31ST TERRACE,120010012024004
SW 24TH AVE & CLARK BUTLER BLVD,NA
2014 NORTHWEST 36 STREET,120010011002020
700 SW 16TH AVENUE APT 107,120010008061003
417-499 NW 22ND ST,120010010004035
325 SW WILLISTON RD,NA
500-548 NORTHWEST 6TH STREET,120010002001018
2838 NW 6TH STREET,120010003023025
1107 NE 2ND ST,120010005003011
NW 82ND BLVD,NA
4000 NEWBERRY RD,120010016031030
2507 NORTHWEST 24 TERRACE,120010011004016
4400 SW 20TH AVE,120010015201005
2600 NW 45TH AVE GAINESVILLE,120010017022017
622 NW 3RD AVE,120010002001026
3900-3972 NW 43RD ST,120010018113032
8620 NW 13TH ST   LOT 217,120010018032002
3850 WEST NEWBERRY ROAD,120010016031030
2448 ARDEN DRIVE,120010012021010
711 NW 16TH AVENUE,120010003012007
"3700 WINDMEADOWS BLVD
GAINESVILLE FL 32608
UNITED STATES",120010015213000
15 NW 28TH TER,120010010002002
306-310 NW 8TH ST,120010002003025
1217 NE 7TH PL,120010005004000
1429 NW 7TH AVE,120010010004013
1237 NORTHWEST 4TH AVENUE,120010002003014
3247-3399 SOUTHWEST 2ND AVENUE,120010009011006
1325-1399 NW 2ND ST,120010003012021
3010 SW 23RD TERRACE,120010010002033
304 NW 19TH AVE,120010003011020
1305 NE 12TH TERRACE,120010005002012
4810 NORTHWEST 8TH AVENUE,120010017022017
1905 NW 5TH AVENUE,120010010004037
2220 NORTHWEST 3RD PLACE,120010010004032
PARK AVENUE WOMEN'S CENTER,NA
1040-1098 NE 5 TERRACE,120010005003015
4628 NW 46TH CT,120010018113030
410 NW 2ND ST,120010002001010
2006 NW 17 LANE,120010011003023
2564 NW 13TH ST,120010012032004
102-110 SE 25TH TERRACE,120010006003053
3547 NE WALDO RD,120010019022043
3119 SW 26TH TERRACE APT # A,NA
4706-4716 NW 42 ST,120010012011012
3515 NORTHWEST 21ST STREET,120010012031043
2298 NORTHWEST 20TH COURT,120010011003014
6803 NW 30TH TERRACE,120010017011006
1008-1018 NW 34 TERRACE,120010017021039
737 NORTHEAST WALDO ROAD,120010006002006
3448-3458 NW 11TH AVE,120010017021010
21–99 NE 11TH ST,NA
2318 SW 39TH DRIVE,120010015211003
1526-1536 NW 7TH AVE,120010010004011
400 TO 500 NW 8TH ST GAINESVILLE,NA
331 SOUTHEAST 20TH PLACE,120010006003056
407 NE 7TH ST,120010005004022
1611 NORTHWEST 2ND STREET,120010003011003
1526 NW 7TH PL,120010010004003
1520 NW4TH STREET,NA
MILLRUN GAINESVILLE SW 20TH AVE,NA
15585 NW 29 ST,NA
4421-4457 FL-26,120010016042006
20 NORTHEAST WALDO ROAD,120010005004031
630 NE 10 AVE,120010005003027
526 NW 19TH AVENUE,120010003011021
104 SW 2ND AVE,120010005001094
2200 NW 45TH AVE,120010017022017
323 NW 50TH BLVD,120010016041019
719 SW 5TH AVE,120010002006012
4860 NW 39TH AVE SUITE C,120010018113025
3016 SOUTHEAST 15TH STREET,120010007002077
910 NW 10TH AVE,120010003012038
718 SE 11TH ST,120010007002002
201 SE DEPOT AVE,120010005001111
201-299 NE 2ND ST,120010005005034
4200-4498 NW 21ST ST,120010012025016
LYNCH PARK,NA
531 SE 2ND PL,120010005001068
3917 NW 32ND PL,120010011001011
1300 NE 2ND ST,120010003012000
400-452 NE 1ST ST,120010005001009
1817 NORTHEAST 17TH WAY,120010004002021
366 SW 42ND ST,120010016042016
3615 NW 31ST TER,120010012022011
1001 NORTHWEST 34TH STREET,120010010005010
2431 NW 41 ST,120010017021020
SW 13TH ST AND SR 24,120010002006019
310 NW 8TH ST,120010002003025
300–398 NE 6TH AVE,NA
1-99 NW 6TH ST,120010005001055
1300-1428 NORTHWEST 8TH AVENUE,120010010001029
2419 NW 64TH PL,120010018033000
900 N MAIN STREET,120010003012056
2074 NORTHWEST 23RD STREET,120010011004025
